country,year,public_debt,gdp_growth,id
United States,1980.0,41.179,-0.245,1
United States,1981.0,40.326,2.595,2
United States,1982.0,44.98,-1.911,3
United States,1983.0,47.849,4.633,4
United States,1984.0,49.513,7.259,5
United States,1985.0,54.092,4.239,6
United States,1986.0,57.521,3.512,7
United States,1987.0,59.275,3.462,8
United States,1988.0,60.146,4.204,9
United States,1989.0,60.279,3.68,10
United States,1990.0,61.987,1.919,11
United States,1991.0,66.369,-0.073,12
United States,1992.0,68.605,3.555,13
United States,1993.0,70.192,2.745,14
United States,1994.0,69.394,4.037,15
United States,1995.0,68.8,2.719,16
United States,1996.0,68.028,3.796,17
United States,1997.0,65.621,4.487,18
United States,1998.0,62.472,4.45,19
United States,1999.0,58.878,4.846,20
United States,2000.0,53.032,4.091,21
United States,2001.0,53.0,0.949,22
United States,2002.0,55.361,1.776,23
United States,2003.0,58.477,2.791,24
United States,2004.0,65.427,3.798,25
United States,2005.0,64.93,3.351,26
United States,2006.0,63.772,2.667,27
United States,2007.0,64.421,1.79,28
United States,2008.0,73.349,-0.291,29
United States,2009.0,86.319,-2.802,30
United States,2010.0,95.17,2.507,31
United States,2011.0,99.413,1.847,32
United States,2012.0,102.733,2.779,33
United States,2013.0,105.975,1.56,34
United States,2014.0,107.315,2.588,35
United States,2015.0,106.952,3.35,36
United States,2016.0,106.461,3.476,37
United States,2017.0,106.018,3.364,38
United States,2018.0,105.676,3.066,39
United Kingdom,1980.0,46.101,-2.003,40
United Kingdom,1981.0,49.221,-1.257,41
United Kingdom,1982.0,47.519,2.246,42
United Kingdom,1983.0,46.479,3.834,43
United Kingdom,1984.0,47.011,2.943,44
United Kingdom,1985.0,46.02,3.868,45
United Kingdom,1986.0,46.071,4.303,46
United Kingdom,1987.0,44.18,5.155,47
United Kingdom,1988.0,41.707,5.57,48
United Kingdom,1989.0,36.823,2.595,49
United Kingdom,1990.0,32.365,1.821,50
United Kingdom,1991.0,30.985,-1.292,51
United Kingdom,1992.0,32.367,1.295,52
United Kingdom,1993.0,37.348,3.49,53
United Kingdom,1994.0,42.255,4.953,54
United Kingdom,1995.0,45.381,3.533,55
United Kingdom,1996.0,47.357,3.491,56
United Kingdom,1997.0,48.692,4.35,57
United Kingdom,1998.0,45.816,3.567,58
United Kingdom,1999.0,43.113,2.938,59
United Kingdom,2000.0,40.521,4.362,60
United Kingdom,2001.0,37.308,2.185,61
United Kingdom,2002.0,37.166,2.295,62
United Kingdom,2003.0,38.717,3.949,63
United Kingdom,2004.0,40.388,3.173,64
United Kingdom,2005.0,41.75,3.235,65
United Kingdom,2006.0,42.76,2.755,66
United Kingdom,2007.0,43.746,3.427,67
United Kingdom,2008.0,51.908,-0.769,68
United Kingdom,2009.0,67.086,-5.17,69
United Kingdom,2010.0,78.468,1.66,70
United Kingdom,2011.0,84.294,1.117,71
United Kingdom,2012.0,88.805,0.17,72
United Kingdom,2013.0,92.14,1.433,73
United Kingdom,2014.0,95.251,1.869,74
United Kingdom,2015.0,97.925,1.978,75
United Kingdom,2016.0,98.504,1.979,76
United Kingdom,2017.0,98.224,2.056,77
United Kingdom,2018.0,96.713,2.319,78
Taiwan Province of China,1980.0,,7.324,79
Taiwan Province of China,1981.0,,6.456,80
Taiwan Province of China,1982.0,,3.974,81
Taiwan Province of China,1983.0,,8.32,82
Taiwan Province of China,1984.0,,9.32,83
Taiwan Province of China,1985.0,,4.067,84
Taiwan Province of China,1986.0,,11.004,85
Taiwan Province of China,1987.0,,10.679,86
Taiwan Province of China,1988.0,,5.572,87
Taiwan Province of China,1989.0,,10.282,88
Taiwan Province of China,1990.0,,6.871,89
Taiwan Province of China,1991.0,,7.885,90
Taiwan Province of China,1992.0,,7.557,91
Taiwan Province of China,1993.0,,6.732,92
Taiwan Province of China,1994.0,,7.591,93
Taiwan Province of China,1995.0,,6.379,94
Taiwan Province of China,1996.0,,5.536,95
Taiwan Province of China,1997.0,25.352,5.476,96
Taiwan Province of China,1998.0,24.096,3.466,97
Taiwan Province of China,1999.0,24.066,5.971,98
Taiwan Province of China,2000.0,26.587,5.796,99
Taiwan Province of China,2001.0,30.696,-1.651,100
Taiwan Province of China,2002.0,30.405,5.264,101
Taiwan Province of China,2003.0,32.835,3.669,102
Taiwan Province of China,2004.0,34.125,6.19,103
Taiwan Province of China,2005.0,34.931,4.703,104
Taiwan Province of China,2006.0,34.195,5.437,105
Taiwan Province of China,2007.0,33.289,5.983,106
Taiwan Province of China,2008.0,34.667,0.73,107
Taiwan Province of China,2009.0,38.009,-1.81,108
Taiwan Province of China,2010.0,38.285,10.761,109
Taiwan Province of China,2011.0,40.093,4.065,110
Taiwan Province of China,2012.0,40.96,1.323,111
Taiwan Province of China,2013.0,41.269,2.191,112
Taiwan Province of China,2014.0,40.759,3.768,113
Taiwan Province of China,2015.0,39.939,3.929,114
Taiwan Province of China,2016.0,38.801,4.158,115
Taiwan Province of China,2017.0,37.194,4.385,116
Taiwan Province of China,2018.0,35.224,4.686,117
Switzerland,1980.0,,5.11,118
Switzerland,1981.0,,1.601,119
Switzerland,1982.0,,-1.309,120
Switzerland,1983.0,37.381,0.639,121
Switzerland,1984.0,37.043,3.008,122
Switzerland,1985.0,36.398,3.674,123
Switzerland,1986.0,34.952,1.859,124
Switzerland,1987.0,33.93,1.585,125
Switzerland,1988.0,32.53,3.278,126
Switzerland,1989.0,30.258,4.331,127
Switzerland,1990.0,37.333,3.675,128
Switzerland,1991.0,38.905,-0.916,129
Switzerland,1992.0,44.123,-0.044,130
Switzerland,1993.0,48.512,-0.126,131
Switzerland,1994.0,51.73,1.27,132
Switzerland,1995.0,55.05,0.481,133
Switzerland,1996.0,57.019,0.485,134
Switzerland,1997.0,59.144,2.042,135
Switzerland,1998.0,62.721,2.734,136
Switzerland,1999.0,60.104,1.396,137
Switzerland,2000.0,59.854,3.671,138
Switzerland,2001.0,59.455,1.243,139
Switzerland,2002.0,66.303,0.185,140
Switzerland,2003.0,65.812,0.021,141
Switzerland,2004.0,69.986,2.421,142
Switzerland,2005.0,70.139,2.695,143
Switzerland,2006.0,62.357,3.752,144
Switzerland,2007.0,55.59,3.846,145
Switzerland,2008.0,50.459,2.164,146
Switzerland,2009.0,49.789,-1.937,147
Switzerland,2010.0,48.905,2.953,148
Switzerland,2011.0,49.144,1.79,149
Switzerland,2012.0,49.194,1.049,150
Switzerland,2013.0,48.196,1.749,151
Switzerland,2014.0,46.569,1.787,152
Switzerland,2015.0,45.553,1.89,153
Switzerland,2016.0,45.242,1.89,154
Switzerland,2017.0,44.873,1.94,155
Switzerland,2018.0,44.472,1.94,156
Sweden,1980.0,,4.555,157
Sweden,1981.0,,-0.191,158
Sweden,1982.0,,1.242,159
Sweden,1983.0,,1.878,160
Sweden,1984.0,,4.312,161
Sweden,1985.0,,2.217,162
Sweden,1986.0,,2.788,163
Sweden,1987.0,,3.4,164
Sweden,1988.0,,2.602,165
Sweden,1989.0,,2.746,166
Sweden,1990.0,,1.029,167
Sweden,1991.0,,-1.079,168
Sweden,1992.0,,-1.182,169
Sweden,1993.0,69.912,-0.4,170
Sweden,1994.0,72.424,4.013,171
Sweden,1995.0,72.672,3.939,172
Sweden,1996.0,73.159,1.612,173
Sweden,1997.0,72.088,2.708,174
Sweden,1998.0,69.895,4.205,175
Sweden,1999.0,64.207,4.66,176
Sweden,2000.0,53.896,4.452,177
Sweden,2001.0,54.736,1.262,178
Sweden,2002.0,52.503,2.483,179
Sweden,2003.0,51.731,2.336,180
Sweden,2004.0,50.338,4.235,181
Sweden,2005.0,50.403,3.161,182
Sweden,2006.0,45.266,4.297,183
Sweden,2007.0,40.226,3.314,184
Sweden,2008.0,38.801,-0.613,185
Sweden,2009.0,42.56,-5.028,186
Sweden,2010.0,39.439,6.557,187
Sweden,2011.0,38.644,2.933,188
Sweden,2012.0,38.265,0.954,189
Sweden,2013.0,42.233,0.858,190
Sweden,2014.0,42.209,2.299,191
Sweden,2015.0,40.543,2.297,192
Sweden,2016.0,38.738,2.311,193
Sweden,2017.0,36.554,2.351,194
Sweden,2018.0,34.201,2.355,195
Spain,1980.0,16.564,1.203,196
Spain,1981.0,20.002,-0.408,197
Spain,1982.0,25.122,1.239,198
Spain,1983.0,30.354,1.652,199
Spain,1984.0,37.046,1.698,200
Spain,1985.0,42.026,2.362,201
Spain,1986.0,43.268,3.432,202
Spain,1987.0,43.105,5.709,203
Spain,1988.0,39.595,5.285,204
Spain,1989.0,41.001,5.004,205
Spain,1990.0,42.477,3.847,206
Spain,1991.0,43.052,2.525,207
Spain,1992.0,45.386,0.851,208
Spain,1993.0,56.116,-1.314,209
Spain,1994.0,58.638,2.335,210
Spain,1995.0,63.335,4.122,211
Spain,1996.0,67.485,2.421,212
Spain,1997.0,66.159,3.865,213
Spain,1998.0,64.165,4.469,214
Spain,1999.0,62.417,4.745,215
Spain,2000.0,59.379,5.053,216
Spain,2001.0,55.592,3.671,217
Spain,2002.0,52.579,2.707,218
Spain,2003.0,48.786,3.088,219
Spain,2004.0,46.255,3.257,220
Spain,2005.0,43.165,3.588,221
Spain,2006.0,39.679,4.075,222
Spain,2007.0,36.301,3.479,223
Spain,2008.0,40.172,0.893,224
Spain,2009.0,53.977,-3.832,225
Spain,2010.0,61.656,-0.203,226
Spain,2011.0,70.386,0.052,227
Spain,2012.0,85.896,-1.643,228
Spain,2013.0,93.706,-1.267,229
Spain,2014.0,99.06,0.171,230
Spain,2015.0,102.539,0.468,231
Spain,2016.0,104.64,0.722,232
Spain,2017.0,105.482,0.934,233
Spain,2018.0,105.07,1.205,234
Slovenia,1980.0,,,235
Slovenia,1981.0,,,236
Slovenia,1982.0,,,237
Slovenia,1983.0,,,238
Slovenia,1984.0,,,239
Slovenia,1985.0,,,240
Slovenia,1986.0,,,241
Slovenia,1987.0,,,242
Slovenia,1988.0,,,243
Slovenia,1989.0,,,244
Slovenia,1990.0,,,245
Slovenia,1991.0,,,246
Slovenia,1992.0,,,247
Slovenia,1993.0,,2.8,248
Slovenia,1994.0,,5.3,249
Slovenia,1995.0,17.043,4.1,250
Slovenia,1996.0,20.434,3.602,251
Slovenia,1997.0,21.037,4.957,252
Slovenia,1998.0,21.617,3.515,253
Slovenia,1999.0,22.391,5.325,254
Slovenia,2000.0,29.536,4.266,255
Slovenia,2001.0,29.066,2.939,256
Slovenia,2002.0,28.92,3.827,257
Slovenia,2003.0,27.551,2.93,258
Slovenia,2004.0,27.335,4.402,259
Slovenia,2005.0,26.764,4.007,260
Slovenia,2006.0,26.427,5.85,261
Slovenia,2007.0,23.07,6.96,262
Slovenia,2008.0,21.963,3.383,263
Slovenia,2009.0,35.148,-7.943,264
Slovenia,2010.0,38.712,1.258,265
Slovenia,2011.0,46.9,0.709,266
Slovenia,2012.0,52.848,-2.543,267
Slovenia,2013.0,71.506,-2.588,268
Slovenia,2014.0,75.253,-1.448,269
Slovenia,2015.0,77.621,0.861,270
Slovenia,2016.0,78.557,2.106,271
Slovenia,2017.0,78.545,2.438,272
Slovenia,2018.0,77.751,2.63,273
Slovak Republic,1980.0,,,274
Slovak Republic,1981.0,,,275
Slovak Republic,1982.0,,,276
Slovak Republic,1983.0,,,277
Slovak Republic,1984.0,,,278
Slovak Republic,1985.0,,,279
Slovak Republic,1986.0,,,280
Slovak Republic,1987.0,,,281
Slovak Republic,1988.0,,,282
Slovak Republic,1989.0,,,283
Slovak Republic,1990.0,,,284
Slovak Republic,1991.0,,,285
Slovak Republic,1992.0,,,286
Slovak Republic,1993.0,,,287
Slovak Republic,1994.0,,6.206,288
Slovak Republic,1995.0,,7.872,289
Slovak Republic,1996.0,,6.941,290
Slovak Republic,1997.0,33.738,4.445,291
Slovak Republic,1998.0,34.498,4.361,292
Slovak Republic,1999.0,47.814,0.038,293
Slovak Republic,2000.0,50.299,1.368,294
Slovak Republic,2001.0,48.859,3.482,295
Slovak Republic,2002.0,42.881,4.583,296
Slovak Republic,2003.0,41.829,4.775,297
Slovak Republic,2004.0,42.488,5.058,298
Slovak Republic,2005.0,34.155,6.655,299
Slovak Republic,2006.0,30.489,8.346,300
Slovak Republic,2007.0,29.378,10.494,301
Slovak Republic,2008.0,27.862,5.751,302
Slovak Republic,2009.0,35.563,-4.936,303
Slovak Republic,2010.0,40.988,4.382,304
Slovak Republic,2011.0,43.282,3.226,305
Slovak Republic,2012.0,52.117,2.027,306
Slovak Republic,2013.0,55.344,0.848,307
Slovak Republic,2014.0,57.504,2.339,308
Slovak Republic,2015.0,58.167,2.8,309
Slovak Republic,2016.0,58.563,3.3,310
Slovak Republic,2017.0,58.786,3.5,311
Slovak Republic,2018.0,59.05,3.5,312
Singapore,1980.0,,10.047,313
Singapore,1981.0,,10.725,314
Singapore,1982.0,,7.186,315
Singapore,1983.0,,8.568,316
Singapore,1984.0,,8.825,317
Singapore,1985.0,,-0.65,318
Singapore,1986.0,,1.287,319
Singapore,1987.0,,10.772,320
Singapore,1988.0,,11.073,321
Singapore,1989.0,,10.228,322
Singapore,1990.0,71.214,10.107,323
Singapore,1991.0,74.107,6.486,324
Singapore,1992.0,76.476,7.031,325
Singapore,1993.0,68.972,11.48,326
Singapore,1994.0,68.2,10.575,327
Singapore,1995.0,68.064,7.278,328
Singapore,1996.0,69.556,7.627,329
Singapore,1997.0,68.866,8.507,330
Singapore,1998.0,82.378,-2.17,331
Singapore,1999.0,84.917,6.197,332
Singapore,2000.0,81.178,9.043,333
Singapore,2001.0,95.38,-1.154,334
Singapore,2002.0,95.514,4.202,335
Singapore,2003.0,98.739,4.58,336
Singapore,2004.0,96.031,9.159,337
Singapore,2005.0,93.477,7.37,338
Singapore,2006.0,86.39,8.623,339
Singapore,2007.0,85.622,9.02,340
Singapore,2008.0,96.277,1.748,341
Singapore,2009.0,101.49,-0.787,342
Singapore,2010.0,99.327,14.781,343
Singapore,2011.0,105.175,5.16,344
Singapore,2012.0,110.996,1.319,345
Singapore,2013.0,107.761,3.543,346
Singapore,2014.0,106.173,3.433,347
Singapore,2015.0,103.861,3.613,348
Singapore,2016.0,101.662,3.776,349
Singapore,2017.0,99.404,3.856,350
Singapore,2018.0,97.265,3.9,351
San Marino,1980.0,,,352
San Marino,1981.0,,,353
San Marino,1982.0,,,354
San Marino,1983.0,,,355
San Marino,1984.0,,,356
San Marino,1985.0,,,357
San Marino,1986.0,,,358
San Marino,1987.0,,,359
San Marino,1988.0,,,360
San Marino,1989.0,,,361
San Marino,1990.0,,,362
San Marino,1991.0,,,363
San Marino,1992.0,,,364
San Marino,1993.0,,,365
San Marino,1994.0,,,366
San Marino,1995.0,,,367
San Marino,1996.0,,,368
San Marino,1997.0,,,369
San Marino,1998.0,,7.52,370
San Marino,1999.0,,8.998,371
San Marino,2000.0,,2.203,372
San Marino,2001.0,,5.539,373
San Marino,2002.0,,0.315,374
San Marino,2003.0,,3.9,375
San Marino,2004.0,,4.565,376
San Marino,2005.0,,2.426,377
San Marino,2006.0,,3.826,378
San Marino,2007.0,,7.958,379
San Marino,2008.0,,-5.076,380
San Marino,2009.0,,-12.235,381
San Marino,2010.0,,-7.465,382
San Marino,2011.0,,-2.476,383
San Marino,2012.0,,-3.98,384
San Marino,2013.0,,-3.516,385
San Marino,2014.0,,0.0,386
San Marino,2015.0,,0.969,387
San Marino,2016.0,,1.113,388
San Marino,2017.0,,1.258,389
San Marino,2018.0,,1.405,390
Portugal,1980.0,,6.725,391
Portugal,1981.0,,3.523,392
Portugal,1982.0,,2.163,393
Portugal,1983.0,,0.972,394
Portugal,1984.0,,-1.042,395
Portugal,1985.0,,1.636,396
Portugal,1986.0,,3.32,397
Portugal,1987.0,,7.632,398
Portugal,1988.0,,5.34,399
Portugal,1989.0,,6.649,400
Portugal,1990.0,57.195,7.859,401
Portugal,1991.0,60.712,3.37,402
Portugal,1992.0,55.184,3.13,403
Portugal,1993.0,54.363,-0.687,404
Portugal,1994.0,57.393,1.489,405
Portugal,1995.0,59.097,2.307,406
Portugal,1996.0,58.208,3.619,407
Portugal,1997.0,54.341,4.407,408
Portugal,1998.0,50.272,5.138,409
Portugal,1999.0,49.432,4.073,410
Portugal,2000.0,48.359,3.916,411
Portugal,2001.0,51.068,1.975,412
Portugal,2002.0,53.68,0.764,413
Portugal,2003.0,55.7,-0.911,414
Portugal,2004.0,57.459,1.56,415
Portugal,2005.0,62.533,0.775,416
Portugal,2006.0,63.685,1.448,417
Portugal,2007.0,68.384,2.365,418
Portugal,2008.0,71.694,-0.009,419
Portugal,2009.0,83.698,-2.908,420
Portugal,2010.0,93.992,1.936,421
Portugal,2011.0,108.353,-1.288,422
Portugal,2012.0,123.8,-3.238,423
Portugal,2013.0,123.56,-1.757,424
Portugal,2014.0,125.293,0.769,425
Portugal,2015.0,124.215,1.484,426
Portugal,2016.0,121.614,1.8,427
Portugal,2017.0,118.822,1.8,428
Portugal,2018.0,116.036,1.8,429
Norway,1980.0,47.319,4.515,430
Norway,1981.0,43.073,1.568,431
Norway,1982.0,38.251,0.119,432
Norway,1983.0,35.224,3.872,433
Norway,1984.0,35.092,5.897,434
Norway,1985.0,36.881,5.334,435
Norway,1986.0,46.002,4.048,436
Norway,1987.0,38.523,1.78,437
Norway,1988.0,32.406,-0.173,438
Norway,1989.0,32.317,0.99,439
Norway,1990.0,28.923,1.928,440
Norway,1991.0,39.216,3.113,441
Norway,1992.0,45.022,3.534,442
Norway,1993.0,53.716,2.746,443
Norway,1994.0,50.733,5.059,444
Norway,1995.0,37.832,4.199,445
Norway,1996.0,33.559,5.116,446
Norway,1997.0,29.57,5.369,447
Norway,1998.0,27.917,2.706,448
Norway,1999.0,29.095,2.006,449
Norway,2000.0,32.611,3.265,450
Norway,2001.0,31.87,1.988,451
Norway,2002.0,39.375,1.504,452
Norway,2003.0,48.83,0.986,453
Norway,2004.0,50.708,3.954,454
Norway,2005.0,47.627,2.591,455
Norway,2006.0,58.72,2.288,456
Norway,2007.0,56.604,2.652,457
Norway,2008.0,55.169,0.025,458
Norway,2009.0,48.985,-1.388,459
Norway,2010.0,49.215,0.243,460
Norway,2011.0,34.118,1.307,461
Norway,2012.0,34.118,3.018,462
Norway,2013.0,34.118,1.568,463
Norway,2014.0,34.118,2.278,464
Norway,2015.0,34.118,2.27,465
Norway,2016.0,34.118,2.213,466
Norway,2017.0,34.118,2.219,467
Norway,2018.0,34.118,2.235,468
New Zealand,1980.0,,1.009,469
New Zealand,1981.0,,2.961,470
New Zealand,1982.0,,2.878,471
New Zealand,1983.0,,-0.124,472
New Zealand,1984.0,,6.858,473
New Zealand,1985.0,67.076,1.213,474
New Zealand,1986.0,71.628,1.81,475
New Zealand,1987.0,65.834,2.484,476
New Zealand,1988.0,57.232,0.65,477
New Zealand,1989.0,57.65,0.482,478
New Zealand,1990.0,58.179,0.009,479
New Zealand,1991.0,60.776,-1.299,480
New Zealand,1992.0,61.549,0.748,481
New Zealand,1993.0,57.252,5.224,482
New Zealand,1994.0,51.386,5.784,483
New Zealand,1995.0,45.577,4.193,484
New Zealand,1996.0,39.072,4.128,485
New Zealand,1997.0,36.302,2.397,486
New Zealand,1998.0,36.213,0.166,487
New Zealand,1999.0,33.57,4.651,488
New Zealand,2000.0,31.573,4.078,489
New Zealand,2001.0,29.553,2.515,490
New Zealand,2002.0,27.698,4.887,491
New Zealand,2003.0,25.902,3.963,492
New Zealand,2004.0,23.577,4.395,493
New Zealand,2005.0,21.754,3.18,494
New Zealand,2006.0,19.293,2.916,495
New Zealand,2007.0,17.206,3.454,496
New Zealand,2008.0,20.069,-0.801,497
New Zealand,2009.0,25.882,-1.455,498
New Zealand,2010.0,32.006,1.883,499
New Zealand,2011.0,37.168,1.397,500
New Zealand,2012.0,37.774,2.652,501
New Zealand,2013.0,37.238,2.539,502
New Zealand,2014.0,35.904,2.944,503
New Zealand,2015.0,34.421,2.443,504
New Zealand,2016.0,35.076,2.5,505
New Zealand,2017.0,34.309,2.544,506
New Zealand,2018.0,31.983,2.52,507
Netherlands,1980.0,,,508
Netherlands,1981.0,,-0.514,509
Netherlands,1982.0,,-1.283,510
Netherlands,1983.0,,1.758,511
Netherlands,1984.0,,3.119,512
Netherlands,1985.0,,2.656,513
Netherlands,1986.0,,3.125,514
Netherlands,1987.0,,1.851,515
Netherlands,1988.0,,2.98,516
Netherlands,1989.0,,4.42,517
Netherlands,1990.0,,4.183,518
Netherlands,1991.0,,2.439,519
Netherlands,1992.0,,1.706,520
Netherlands,1993.0,,1.258,521
Netherlands,1994.0,,2.961,522
Netherlands,1995.0,76.1,3.116,523
Netherlands,1996.0,74.1,3.407,524
Netherlands,1997.0,68.2,4.278,525
Netherlands,1998.0,65.7,3.923,526
Netherlands,1999.0,61.1,4.684,527
Netherlands,2000.0,53.8,3.941,528
Netherlands,2001.0,50.7,1.926,529
Netherlands,2002.0,50.5,0.076,530
Netherlands,2003.0,52.0,0.336,531
Netherlands,2004.0,52.4,2.237,532
Netherlands,2005.0,51.822,2.046,533
Netherlands,2006.0,47.373,3.394,534
Netherlands,2007.0,45.295,3.921,535
Netherlands,2008.0,58.459,1.804,536
Netherlands,2009.0,60.758,-3.668,537
Netherlands,2010.0,63.401,1.528,538
Netherlands,2011.0,65.716,0.945,539
Netherlands,2012.0,71.262,-1.247,540
Netherlands,2013.0,74.417,-1.274,541
Netherlands,2014.0,75.565,0.311,542
Netherlands,2015.0,76.737,1.631,543
Netherlands,2016.0,79.232,1.844,544
Netherlands,2017.0,81.303,2.039,545
Netherlands,2018.0,83.21,2.236,546
Malta,1980.0,,,547
Malta,1981.0,,,548
Malta,1982.0,,,549
Malta,1983.0,,,550
Malta,1984.0,,,551
Malta,1985.0,,,552
Malta,1986.0,,,553
Malta,1987.0,,,554
Malta,1988.0,,,555
Malta,1989.0,,,556
Malta,1990.0,,,557
Malta,1991.0,,,558
Malta,1992.0,,,559
Malta,1993.0,,,560
Malta,1994.0,,,561
Malta,1995.0,34.011,,562
Malta,1996.0,38.628,,563
Malta,1997.0,46.67,,564
Malta,1998.0,51.474,,565
Malta,1999.0,55.059,,566
Malta,2000.0,53.854,,567
Malta,2001.0,58.874,-0.002,568
Malta,2002.0,57.857,2.434,569
Malta,2003.0,65.994,0.716,570
Malta,2004.0,69.792,-0.289,571
Malta,2005.0,67.95,3.585,572
Malta,2006.0,62.488,2.58,573
Malta,2007.0,60.715,4.073,574
Malta,2008.0,60.913,3.881,575
Malta,2009.0,66.53,-2.812,576
Malta,2010.0,67.33,3.189,577
Malta,2011.0,69.978,1.819,578
Malta,2012.0,71.603,1.039,579
Malta,2013.0,73.367,1.053,580
Malta,2014.0,74.03,1.761,581
Malta,2015.0,74.432,1.995,582
Malta,2016.0,74.146,2.123,583
Malta,2017.0,74.015,1.9,584
Malta,2018.0,73.914,1.755,585
Luxembourg,1980.0,,3.17,586
Luxembourg,1981.0,,0.798,587
Luxembourg,1982.0,,1.039,588
Luxembourg,1983.0,,1.887,589
Luxembourg,1984.0,,4.73,590
Luxembourg,1985.0,,5.596,591
Luxembourg,1986.0,,9.983,592
Luxembourg,1987.0,,3.951,593
Luxembourg,1988.0,,8.464,594
Luxembourg,1989.0,,9.798,595
Luxembourg,1990.0,,5.32,596
Luxembourg,1991.0,,8.645,597
Luxembourg,1992.0,,1.819,598
Luxembourg,1993.0,,4.201,599
Luxembourg,1994.0,,3.821,600
Luxembourg,1995.0,7.398,1.432,601
Luxembourg,1996.0,7.449,1.515,602
Luxembourg,1997.0,7.402,5.937,603
Luxembourg,1998.0,7.096,6.492,604
Luxembourg,1999.0,6.428,8.421,605
Luxembourg,2000.0,6.166,8.441,606
Luxembourg,2001.0,6.309,2.52,607
Luxembourg,2002.0,6.327,4.088,608
Luxembourg,2003.0,6.216,1.669,609
Luxembourg,2004.0,6.352,4.376,610
Luxembourg,2005.0,6.07,5.253,611
Luxembourg,2006.0,6.681,4.933,612
Luxembourg,2007.0,6.673,6.588,613
Luxembourg,2008.0,14.436,-0.735,614
Luxembourg,2009.0,15.338,-4.073,615
Luxembourg,2010.0,19.227,2.891,616
Luxembourg,2011.0,18.309,1.656,617
Luxembourg,2012.0,20.781,0.336,618
Luxembourg,2013.0,22.895,0.546,619
Luxembourg,2014.0,24.631,1.256,620
Luxembourg,2015.0,26.648,1.559,621
Luxembourg,2016.0,29.024,1.903,622
Luxembourg,2017.0,31.258,2.206,623
Luxembourg,2018.0,33.444,2.218,624
Korea,1980.0,,-1.891,625
Korea,1981.0,,7.404,626
Korea,1982.0,,8.291,627
Korea,1983.0,,12.182,628
Korea,1984.0,,9.859,629
Korea,1985.0,,7.471,630
Korea,1986.0,,12.24,631
Korea,1987.0,,12.266,632
Korea,1988.0,,11.66,633
Korea,1989.0,,6.752,634
Korea,1990.0,13.812,9.297,635
Korea,1991.0,12.881,9.713,636
Korea,1992.0,12.635,5.765,637
Korea,1993.0,11.84,6.329,638
Korea,1994.0,10.595,8.772,639
Korea,1995.0,9.365,8.931,640
Korea,1996.0,8.604,7.186,641
Korea,1997.0,10.731,5.767,642
Korea,1998.0,15.355,-5.714,643
Korea,1999.0,17.598,10.731,644
Korea,2000.0,18.02,8.798,645
Korea,2001.0,18.7,3.973,646
Korea,2002.0,18.56,7.15,647
Korea,2003.0,21.617,2.803,648
Korea,2004.0,24.633,4.619,649
Korea,2005.0,28.659,3.957,650
Korea,2006.0,31.118,5.179,651
Korea,2007.0,30.656,5.106,652
Korea,2008.0,30.108,2.298,653
Korea,2009.0,33.765,0.319,654
Korea,2010.0,33.431,6.32,655
Korea,2011.0,34.234,3.682,656
Korea,2012.0,34.982,2.044,657
Korea,2013.0,35.7,2.844,658
Korea,2014.0,35.266,3.679,659
Korea,2015.0,34.52,3.962,660
Korea,2016.0,33.389,3.987,661
Korea,2017.0,31.669,4.035,662
Korea,2018.0,29.837,4.039,663
Japan,1980.0,50.627,3.181,664
Japan,1981.0,55.294,4.177,665
Japan,1982.0,59.258,3.377,666
Japan,1983.0,64.833,3.061,667
Japan,1984.0,66.344,4.464,668
Japan,1985.0,66.668,6.333,669
Japan,1986.0,69.928,2.831,670
Japan,1987.0,72.456,4.107,671
Japan,1988.0,70.352,7.147,672
Japan,1989.0,67.299,5.37,673
Japan,1990.0,67.043,5.572,674
Japan,1991.0,66.491,3.324,675
Japan,1992.0,71.221,0.819,676
Japan,1993.0,77.267,0.171,677
Japan,1994.0,83.346,0.864,678
Japan,1995.0,91.228,1.942,679
Japan,1996.0,98.97,2.61,680
Japan,1997.0,105.579,1.596,681
Japan,1998.0,118.323,-2.003,682
Japan,1999.0,131.865,-0.199,683
Japan,2000.0,140.145,2.257,684
Japan,2001.0,153.635,0.355,685
Japan,2002.0,163.992,0.29,686
Japan,2003.0,169.572,1.685,687
Japan,2004.0,180.657,2.361,688
Japan,2005.0,186.436,1.303,689
Japan,2006.0,185.997,1.693,690
Japan,2007.0,183.012,2.192,691
Japan,2008.0,191.812,-1.042,692
Japan,2009.0,210.247,-5.527,693
Japan,2010.0,215.952,4.652,694
Japan,2011.0,230.311,-0.585,695
Japan,2012.0,238.025,1.957,696
Japan,2013.0,243.544,1.953,697
Japan,2014.0,242.348,1.244,698
Japan,2015.0,242.426,1.135,699
Japan,2016.0,242.274,1.167,700
Japan,2017.0,241.428,1.134,701
Japan,2018.0,241.137,1.098,702
Italy,1980.0,,-1.414,703
Italy,1981.0,,0.781,704
Italy,1982.0,,0.668,705
Italy,1983.0,,0.913,706
Italy,1984.0,,3.226,707
Italy,1985.0,,2.798,708
Italy,1986.0,,2.86,709
Italy,1987.0,,3.192,710
Italy,1988.0,88.711,4.194,711
Italy,1989.0,91.193,3.388,712
Italy,1990.0,94.261,2.053,713
Italy,1991.0,97.595,1.435,714
Italy,1992.0,104.693,0.834,715
Italy,1993.0,115.017,-0.853,716
Italy,1994.0,121.249,2.151,717
Italy,1995.0,120.935,2.887,718
Italy,1996.0,120.25,1.135,719
Italy,1997.0,117.436,1.866,720
Italy,1998.0,114.328,1.448,721
Italy,1999.0,113.105,1.451,722
Italy,2000.0,108.581,3.654,723
Italy,2001.0,108.321,1.863,724
Italy,2002.0,105.355,0.451,725
Italy,2003.0,104.138,-0.047,726
Italy,2004.0,103.712,1.731,727
Italy,2005.0,105.721,0.931,728
Italy,2006.0,106.346,2.199,729
Italy,2007.0,103.277,1.683,730
Italy,2008.0,106.085,-1.156,731
Italy,2009.0,116.42,-5.494,732
Italy,2010.0,119.288,1.723,733
Italy,2011.0,120.801,0.374,734
Italy,2012.0,126.978,-2.369,735
Italy,2013.0,132.266,-1.776,736
Italy,2014.0,133.124,0.712,737
Italy,2015.0,131.822,1.06,738
Italy,2016.0,129.276,1.4,739
Italy,2017.0,126.194,1.401,740
Italy,2018.0,123.046,1.2,741
Israel,1980.0,,3.568,742
Israel,1981.0,,4.723,743
Israel,1982.0,,1.424,744
Israel,1983.0,,2.586,745
Israel,1984.0,,2.21,746
Israel,1985.0,,4.451,747
Israel,1986.0,,3.551,748
Israel,1987.0,,7.49,749
Israel,1988.0,,3.564,750
Israel,1989.0,,1.419,751
Israel,1990.0,,6.633,752
Israel,1991.0,,4.618,753
Israel,1992.0,,7.155,754
Israel,1993.0,,3.771,755
Israel,1994.0,,7.011,756
Israel,1995.0,,9.654,757
Israel,1996.0,,5.43,758
Israel,1997.0,,3.184,759
Israel,1998.0,,4.247,760
Israel,1999.0,,3.292,761
Israel,2000.0,81.402,8.661,762
Israel,2001.0,85.969,-0.182,763
Israel,2002.0,93.072,-0.069,764
Israel,2003.0,95.567,1.477,765
Israel,2004.0,94.116,4.899,766
Israel,2005.0,90.626,4.918,767
Israel,2006.0,81.627,5.798,768
Israel,2007.0,74.622,6.921,769
Israel,2008.0,72.925,4.454,770
Israel,2009.0,75.269,1.248,771
Israel,2010.0,71.451,5.664,772
Israel,2011.0,69.706,4.573,773
Israel,2012.0,68.202,3.352,774
Israel,2013.0,70.383,3.787,775
Israel,2014.0,69.637,3.314,776
Israel,2015.0,69.101,3.163,777
Israel,2016.0,68.434,3.368,778
Israel,2017.0,67.737,3.444,779
Israel,2018.0,67.093,3.428,780
Ireland,1980.0,65.888,2.898,781
Ireland,1981.0,70.151,2.512,782
Ireland,1982.0,74.913,1.495,783
Ireland,1983.0,87.862,-0.729,784
Ireland,1984.0,92.028,3.204,785
Ireland,1985.0,94.81,1.947,786
Ireland,1986.0,109.366,0.424,787
Ireland,1987.0,110.42,3.641,788
Ireland,1988.0,108.628,2.998,789
Ireland,1989.0,99.87,5.614,790
Ireland,1990.0,94.501,7.711,791
Ireland,1991.0,95.63,1.642,792
Ireland,1992.0,92.37,3.579,793
Ireland,1993.0,95.228,2.314,794
Ireland,1994.0,89.773,5.894,795
Ireland,1995.0,80.075,9.593,796
Ireland,1996.0,71.275,9.702,797
Ireland,1997.0,62.778,11.272,798
Ireland,1998.0,54.125,8.931,799
Ireland,1999.0,47.668,10.971,800
Ireland,2000.0,37.006,10.648,801
Ireland,2001.0,34.482,4.985,802
Ireland,2002.0,31.779,5.417,803
Ireland,2003.0,30.971,3.73,804
Ireland,2004.0,29.366,4.2,805
Ireland,2005.0,27.213,6.08,806
Ireland,2006.0,24.604,5.505,807
Ireland,2007.0,24.861,4.97,808
Ireland,2008.0,44.163,-2.16,809
Ireland,2009.0,64.42,-6.384,810
Ireland,2010.0,91.187,-1.063,811
Ireland,2011.0,104.075,2.169,812
Ireland,2012.0,117.398,0.157,813
Ireland,2013.0,123.341,0.586,814
Ireland,2014.0,120.973,1.751,815
Ireland,2015.0,118.284,2.478,816
Ireland,2016.0,116.22,2.533,817
Ireland,2017.0,113.573,2.527,818
Ireland,2018.0,109.847,2.524,819
Iceland,1980.0,25.535,7.21,820
Iceland,1981.0,23.033,4.265,821
Iceland,1982.0,29.792,2.154,822
Iceland,1983.0,31.517,-2.151,823
Iceland,1984.0,33.23,4.129,824
Iceland,1985.0,32.771,3.293,825
Iceland,1986.0,30.497,6.27,826
Iceland,1987.0,27.942,8.546,827
Iceland,1988.0,31.241,-0.09,828
Iceland,1989.0,35.992,0.258,829
Iceland,1990.0,36.222,1.169,830
Iceland,1991.0,38.391,-0.224,831
Iceland,1992.0,46.243,-3.374,832
Iceland,1993.0,53.137,1.313,833
Iceland,1994.0,55.662,3.609,834
Iceland,1995.0,58.943,0.117,835
Iceland,1996.0,56.296,4.785,836
Iceland,1997.0,53.076,4.913,837
Iceland,1998.0,47.859,6.317,838
Iceland,1999.0,43.409,4.094,839
Iceland,2000.0,41.038,4.322,840
Iceland,2001.0,45.886,3.922,841
Iceland,2002.0,42.069,0.139,842
Iceland,2003.0,40.823,2.434,843
Iceland,2004.0,34.407,7.836,844
Iceland,2005.0,25.415,7.23,845
Iceland,2006.0,30.128,4.709,846
Iceland,2007.0,29.108,5.985,847
Iceland,2008.0,70.411,1.188,848
Iceland,2009.0,88.002,-6.565,849
Iceland,2010.0,90.582,-4.098,850
Iceland,2011.0,102.261,2.89,851
Iceland,2012.0,99.083,1.639,852
Iceland,2013.0,93.157,1.906,853
Iceland,2014.0,90.906,2.142,854
Iceland,2015.0,87.161,2.182,855
Iceland,2016.0,84.161,2.195,856
Iceland,2017.0,80.705,2.199,857
Iceland,2018.0,76.98,2.312,858
Hong Kong SAR,1980.0,,10.34,859
Hong Kong SAR,1981.0,,9.389,860
Hong Kong SAR,1982.0,,2.983,861
Hong Kong SAR,1983.0,,5.92,862
Hong Kong SAR,1984.0,,9.905,863
Hong Kong SAR,1985.0,,0.715,864
Hong Kong SAR,1986.0,,11.037,865
Hong Kong SAR,1987.0,,13.406,866
Hong Kong SAR,1988.0,,8.445,867
Hong Kong SAR,1989.0,,2.222,868
Hong Kong SAR,1990.0,,3.898,869
Hong Kong SAR,1991.0,,5.694,870
Hong Kong SAR,1992.0,,6.093,871
Hong Kong SAR,1993.0,,6.043,872
Hong Kong SAR,1994.0,,6.013,873
Hong Kong SAR,1995.0,,2.293,874
Hong Kong SAR,1996.0,,4.193,875
Hong Kong SAR,1997.0,,5.056,876
Hong Kong SAR,1998.0,,-6.026,877
Hong Kong SAR,1999.0,,2.556,878
Hong Kong SAR,2000.0,,7.951,879
Hong Kong SAR,2001.0,23.694,0.561,880
Hong Kong SAR,2002.0,25.617,1.657,881
Hong Kong SAR,2003.0,27.008,3.056,882
Hong Kong SAR,2004.0,30.476,8.7,883
Hong Kong SAR,2005.0,31.856,7.388,884
Hong Kong SAR,2006.0,31.036,7.033,885
Hong Kong SAR,2007.0,30.81,6.465,886
Hong Kong SAR,2008.0,28.737,2.128,887
Hong Kong SAR,2009.0,31.181,-2.459,888
Hong Kong SAR,2010.0,35.469,6.793,889
Hong Kong SAR,2011.0,34.801,4.851,890
Hong Kong SAR,2012.0,34.127,1.501,891
Hong Kong SAR,2013.0,33.033,2.977,892
Hong Kong SAR,2014.0,32.017,4.378,893
Hong Kong SAR,2015.0,30.973,4.396,894
Hong Kong SAR,2016.0,30.006,4.494,895
Hong Kong SAR,2017.0,29.04,4.514,896
Hong Kong SAR,2018.0,28.233,4.526,897
Greece,1980.0,22.577,0.677,898
Greece,1981.0,26.739,-1.554,899
Greece,1982.0,29.374,-1.133,900
Greece,1983.0,33.665,-1.079,901
Greece,1984.0,40.149,2.011,902
Greece,1985.0,46.724,2.51,903
Greece,1986.0,47.245,0.518,904
Greece,1987.0,52.528,-2.259,905
Greece,1988.0,57.194,4.288,906
Greece,1989.0,59.951,3.8,907
Greece,1990.0,73.315,0.0,908
Greece,1991.0,74.847,3.1,909
Greece,1992.0,80.143,0.7,910
Greece,1993.0,100.509,-1.6,911
Greece,1994.0,98.512,2.0,912
Greece,1995.0,97.008,3.037,913
Greece,1996.0,99.386,2.358,914
Greece,1997.0,96.602,3.638,915
Greece,1998.0,94.532,3.364,916
Greece,1999.0,93.998,3.42,917
Greece,2000.0,103.441,3.527,918
Greece,2001.0,103.716,4.197,919
Greece,2002.0,101.66,3.44,920
Greece,2003.0,97.444,5.944,921
Greece,2004.0,98.862,4.368,922
Greece,2005.0,101.228,2.28,923
Greece,2006.0,107.469,5.511,924
Greece,2007.0,107.232,3.536,925
Greece,2008.0,112.902,-0.214,926
Greece,2009.0,129.688,-3.136,927
Greece,2010.0,148.329,-4.943,928
Greece,2011.0,170.32,-7.105,929
Greece,2012.0,156.862,-6.389,930
Greece,2013.0,175.735,-4.195,931
Greece,2014.0,173.994,0.633,932
Greece,2015.0,168.62,2.945,933
Greece,2016.0,160.238,3.739,934
Greece,2017.0,151.028,3.462,935
Greece,2018.0,142.605,3.266,936
Germany,1980.0,,1.272,937
Germany,1981.0,,0.11,938
Germany,1982.0,,-0.788,939
Germany,1983.0,,1.555,940
Germany,1984.0,,2.826,941
Germany,1985.0,,2.192,942
Germany,1986.0,,2.417,943
Germany,1987.0,,1.469,944
Germany,1988.0,,3.736,945
Germany,1989.0,,3.913,946
Germany,1990.0,,5.723,947
Germany,1991.0,39.537,5.011,948
Germany,1992.0,42.019,1.504,949
Germany,1993.0,45.767,-1.012,950
Germany,1994.0,47.968,2.527,951
Germany,1995.0,55.597,1.776,952
Germany,1996.0,58.467,0.816,953
Germany,1997.0,59.754,1.789,954
Germany,1998.0,60.491,1.656,955
Germany,1999.0,61.257,1.743,956
Germany,2000.0,60.182,3.298,957
Germany,2001.0,59.142,1.638,958
Germany,2002.0,60.748,0.03,959
Germany,2003.0,64.426,-0.387,960
Germany,2004.0,66.204,0.694,961
Germany,2005.0,68.514,0.846,962
Germany,2006.0,67.923,3.886,963
Germany,2007.0,65.405,3.389,964
Germany,2008.0,66.8,0.807,965
Germany,2009.0,74.509,-5.085,966
Germany,2010.0,82.44,3.857,967
Germany,2011.0,80.4,3.399,968
Germany,2012.0,81.9,0.896,969
Germany,2013.0,80.393,0.491,970
Germany,2014.0,78.128,1.4,971
Germany,2015.0,75.24,1.386,972
Germany,2016.0,71.948,1.315,973
Germany,2017.0,69.822,1.267,974
Germany,2018.0,67.695,1.2,975
France,1980.0,20.733,1.809,976
France,1981.0,21.957,0.979,977
France,1982.0,25.274,2.417,978
France,1983.0,26.586,1.232,979
France,1984.0,28.977,1.495,980
France,1985.0,30.586,1.61,981
France,1986.0,31.127,2.256,982
France,1987.0,33.434,2.388,983
France,1988.0,33.306,4.668,984
France,1989.0,34.03,4.188,985
France,1990.0,35.206,2.62,986
France,1991.0,35.951,1.039,987
France,1992.0,39.721,1.478,988
France,1993.0,46.025,-0.667,989
France,1994.0,49.228,2.247,990
France,1995.0,55.41,2.047,991
France,1996.0,58.03,1.068,992
France,1997.0,59.399,2.184,993
France,1998.0,59.541,3.378,994
France,1999.0,58.851,3.292,995
France,2000.0,57.405,3.68,996
France,2001.0,56.942,1.836,997
France,2002.0,59.108,0.929,998
France,2003.0,63.285,0.899,999
France,2004.0,65.204,2.545,1000
France,2005.0,66.797,1.826,1001
France,2006.0,64.078,2.467,1002
France,2007.0,64.215,2.285,1003
France,2008.0,68.208,-0.081,1004
France,2009.0,79.193,-3.147,1005
France,2010.0,82.356,1.725,1006
France,2011.0,85.785,2.027,1007
France,2012.0,90.233,0.014,1008
France,2013.0,93.464,0.186,1009
France,2014.0,94.783,0.981,1010
France,2015.0,94.797,1.493,1011
France,2016.0,93.71,1.717,1012
France,2017.0,91.698,1.801,1013
France,2018.0,88.799,1.922,1014
Finland,1980.0,10.823,5.366,1015
Finland,1981.0,11.477,1.291,1016
Finland,1982.0,13.76,3.042,1017
Finland,1983.0,15.308,3.016,1018
Finland,1984.0,15.124,3.112,1019
Finland,1985.0,15.803,3.301,1020
Finland,1986.0,16.416,2.638,1021
Finland,1987.0,17.622,3.491,1022
Finland,1988.0,16.514,5.215,1023
Finland,1989.0,14.275,5.059,1024
Finland,1990.0,13.839,0.531,1025
Finland,1991.0,21.9,-6.013,1026
Finland,1992.0,39.361,-3.488,1027
Finland,1993.0,54.226,-0.802,1028
Finland,1994.0,56.532,3.616,1029
Finland,1995.0,55.518,3.964,1030
Finland,1996.0,55.723,3.585,1031
Finland,1997.0,52.854,6.204,1032
Finland,1998.0,47.619,5.02,1033
Finland,1999.0,45.664,3.902,1034
Finland,2000.0,43.793,5.324,1035
Finland,2001.0,42.46,2.284,1036
Finland,2002.0,41.468,1.834,1037
Finland,2003.0,44.511,2.012,1038
Finland,2004.0,44.387,4.126,1039
Finland,2005.0,41.703,2.915,1040
Finland,2006.0,39.632,4.411,1041
Finland,2007.0,35.158,5.335,1042
Finland,2008.0,33.939,0.294,1043
Finland,2009.0,43.522,-8.539,1044
Finland,2010.0,48.664,3.363,1045
Finland,2011.0,49.21,2.726,1046
Finland,2012.0,53.563,-0.827,1047
Finland,2013.0,58.022,-0.647,1048
Finland,2014.0,59.813,1.145,1049
Finland,2015.0,60.502,1.404,1050
Finland,2016.0,59.797,1.954,1051
Finland,2017.0,59.108,1.988,1052
Finland,2018.0,58.915,2.001,1053
Estonia,1980.0,,,1054
Estonia,1981.0,,,1055
Estonia,1982.0,,,1056
Estonia,1983.0,,,1057
Estonia,1984.0,,,1058
Estonia,1985.0,,,1059
Estonia,1986.0,,,1060
Estonia,1987.0,,,1061
Estonia,1988.0,,,1062
Estonia,1989.0,,,1063
Estonia,1990.0,,,1064
Estonia,1991.0,,,1065
Estonia,1992.0,,,1066
Estonia,1993.0,,,1067
Estonia,1994.0,,-1.642,1068
Estonia,1995.0,8.957,2.155,1069
Estonia,1996.0,7.386,5.689,1070
Estonia,1997.0,6.156,11.74,1071
Estonia,1998.0,5.471,6.723,1072
Estonia,1999.0,5.986,-0.3,1073
Estonia,2000.0,5.123,9.974,1074
Estonia,2001.0,4.784,7.516,1075
Estonia,2002.0,5.729,7.94,1076
Estonia,2003.0,5.616,7.765,1077
Estonia,2004.0,5.025,6.343,1078
Estonia,2005.0,4.572,8.853,1079
Estonia,2006.0,4.411,10.097,1080
Estonia,2007.0,3.685,7.492,1081
Estonia,2008.0,4.542,-4.151,1082
Estonia,2009.0,7.096,-14.098,1083
Estonia,2010.0,6.657,2.565,1084
Estonia,2011.0,6.011,9.558,1085
Estonia,2012.0,9.734,3.939,1086
Estonia,2013.0,11.037,1.543,1087
Estonia,2014.0,10.396,2.48,1088
Estonia,2015.0,9.765,3.454,1089
Estonia,2016.0,9.191,3.615,1090
Estonia,2017.0,8.643,3.732,1091
Estonia,2018.0,8.125,3.743,1092
Denmark,1980.0,,-0.365,1093
Denmark,1981.0,,-0.887,1094
Denmark,1982.0,,3.714,1095
Denmark,1983.0,,2.652,1096
Denmark,1984.0,,4.166,1097
Denmark,1985.0,,4.024,1098
Denmark,1986.0,,4.949,1099
Denmark,1987.0,,0.29,1100
Denmark,1988.0,,-0.143,1101
Denmark,1989.0,,0.573,1102
Denmark,1990.0,,1.607,1103
Denmark,1991.0,,1.3,1104
Denmark,1992.0,67.98,1.975,1105
Denmark,1993.0,80.063,-0.09,1106
Denmark,1994.0,76.495,5.525,1107
Denmark,1995.0,72.579,3.065,1108
Denmark,1996.0,69.444,2.835,1109
Denmark,1997.0,65.448,3.198,1110
Denmark,1998.0,61.438,2.16,1111
Denmark,1999.0,58.076,2.56,1112
Denmark,2000.0,52.407,3.529,1113
Denmark,2001.0,49.557,0.705,1114
Denmark,2002.0,49.465,0.466,1115
Denmark,2003.0,47.21,0.384,1116
Denmark,2004.0,45.131,2.296,1117
Denmark,2005.0,37.758,2.445,1118
Denmark,2006.0,32.075,3.395,1119
Denmark,2007.0,27.131,1.583,1120
Denmark,2008.0,33.376,-0.784,1121
Denmark,2009.0,40.676,-5.666,1122
Denmark,2010.0,42.747,1.577,1123
Denmark,2011.0,46.393,1.104,1124
Denmark,2012.0,45.639,-0.377,1125
Denmark,2013.0,47.06,0.083,1126
Denmark,2014.0,47.756,1.228,1127
Denmark,2015.0,49.23,1.54,1128
Denmark,2016.0,49.861,1.527,1129
Denmark,2017.0,49.237,1.527,1130
Denmark,2018.0,48.021,1.527,1131
Czech Republic,1980.0,,,1132
Czech Republic,1981.0,,,1133
Czech Republic,1982.0,,,1134
Czech Republic,1983.0,,,1135
Czech Republic,1984.0,,,1136
Czech Republic,1985.0,,,1137
Czech Republic,1986.0,,,1138
Czech Republic,1987.0,,,1139
Czech Republic,1988.0,,,1140
Czech Republic,1989.0,,,1141
Czech Republic,1990.0,,,1142
Czech Republic,1991.0,,,1143
Czech Republic,1992.0,,,1144
Czech Republic,1993.0,,,1145
Czech Republic,1994.0,,,1146
Czech Republic,1995.0,13.992,,1147
Czech Republic,1996.0,11.927,4.54,1148
Czech Republic,1997.0,12.584,-0.853,1149
Czech Republic,1998.0,14.48,-0.236,1150
Czech Republic,1999.0,15.827,1.679,1151
Czech Republic,2000.0,17.797,4.186,1152
Czech Republic,2001.0,23.887,3.097,1153
Czech Republic,2002.0,27.065,2.149,1154
Czech Republic,2003.0,28.579,3.766,1155
Czech Republic,2004.0,28.943,4.743,1156
Czech Republic,2005.0,28.414,6.752,1157
Czech Republic,2006.0,28.28,7.02,1158
Czech Republic,2007.0,27.943,5.735,1159
Czech Republic,2008.0,28.696,3.099,1160
Czech Republic,2009.0,34.2,-4.507,1161
Czech Republic,2010.0,37.906,2.469,1162
Czech Republic,2011.0,41.036,1.819,1163
Czech Republic,2012.0,45.918,-1.235,1164
Czech Republic,2013.0,47.611,-0.365,1165
Czech Republic,2014.0,48.936,1.451,1166
Czech Republic,2015.0,49.568,2.093,1167
Czech Republic,2016.0,49.93,2.221,1168
Czech Republic,2017.0,50.131,2.403,1169
Czech Republic,2018.0,50.428,2.402,1170
Cyprus,1980.0,,5.92,1171
Cyprus,1981.0,,3.051,1172
Cyprus,1982.0,,6.279,1173
Cyprus,1983.0,,5.307,1174
Cyprus,1984.0,,8.837,1175
Cyprus,1985.0,,4.746,1176
Cyprus,1986.0,,3.583,1177
Cyprus,1987.0,,7.139,1178
Cyprus,1988.0,,8.317,1179
Cyprus,1989.0,,8.088,1180
Cyprus,1990.0,,7.405,1181
Cyprus,1991.0,,0.74,1182
Cyprus,1992.0,,9.365,1183
Cyprus,1993.0,,0.701,1184
Cyprus,1994.0,,5.899,1185
Cyprus,1995.0,50.677,9.924,1186
Cyprus,1996.0,53.452,1.809,1187
Cyprus,1997.0,58.323,2.299,1188
Cyprus,1998.0,63.87,5.009,1189
Cyprus,1999.0,64.624,4.831,1190
Cyprus,2000.0,60.792,5.019,1191
Cyprus,2001.0,62.264,4.025,1192
Cyprus,2002.0,66.527,2.129,1193
Cyprus,2003.0,69.586,1.865,1194
Cyprus,2004.0,71.579,4.233,1195
Cyprus,2005.0,70.815,3.862,1196
Cyprus,2006.0,65.443,4.128,1197
Cyprus,2007.0,58.796,5.093,1198
Cyprus,2008.0,48.891,3.587,1199
Cyprus,2009.0,58.532,-1.857,1200
Cyprus,2010.0,61.327,1.309,1201
Cyprus,2011.0,71.073,0.533,1202
Cyprus,2012.0,85.817,-2.425,1203
Cyprus,2013.0,114.127,-8.711,1204
Cyprus,2014.0,122.989,-3.886,1205
Cyprus,2015.0,125.665,1.076,1206
Cyprus,2016.0,121.703,1.861,1207
Cyprus,2017.0,115.881,2.291,1208
Cyprus,2018.0,111.652,2.215,1209
Canada,1980.0,45.632,2.163,1210
Canada,1981.0,46.933,3.503,1211
Canada,1982.0,52.668,-2.859,1212
Canada,1983.0,58.403,2.718,1213
Canada,1984.0,61.674,5.814,1214
Canada,1985.0,66.869,4.78,1215
Canada,1986.0,70.999,2.421,1216
Canada,1987.0,71.449,4.253,1217
Canada,1988.0,71.084,4.974,1218
Canada,1989.0,72.247,2.619,1219
Canada,1990.0,75.19,0.193,1220
Canada,1991.0,82.34,-2.092,1221
Canada,1992.0,90.232,0.875,1222
Canada,1993.0,96.324,2.339,1223
Canada,1994.0,97.962,4.804,1224
Canada,1995.0,101.601,2.738,1225
Canada,1996.0,101.719,1.68,1226
Canada,1997.0,96.318,4.253,1227
Canada,1998.0,95.165,4.138,1228
Canada,1999.0,91.369,4.997,1229
Canada,2000.0,82.127,5.123,1230
Canada,2001.0,82.659,1.688,1231
Canada,2002.0,80.554,2.802,1232
Canada,2003.0,76.562,1.925,1233
Canada,2004.0,72.601,3.139,1234
Canada,2005.0,71.608,3.163,1235
Canada,2006.0,70.255,2.622,1236
Canada,2007.0,66.518,2.008,1237
Canada,2008.0,71.283,1.175,1238
Canada,2009.0,81.28,-2.711,1239
Canada,2010.0,83.109,3.374,1240
Canada,2011.0,83.522,2.528,1241
Canada,2012.0,85.287,1.709,1242
Canada,2013.0,87.075,1.612,1243
Canada,2014.0,85.571,2.16,1244
Canada,2015.0,84.867,2.431,1245
Canada,2016.0,83.976,2.474,1246
Canada,2017.0,82.751,2.386,1247
Canada,2018.0,81.656,2.201,1248
Belgium,1980.0,76.149,4.444,1249
Belgium,1981.0,88.93,-0.279,1250
Belgium,1982.0,98.794,0.595,1251
Belgium,1983.0,109.358,0.312,1252
Belgium,1984.0,113.646,2.466,1253
Belgium,1985.0,118.381,1.652,1254
Belgium,1986.0,123.619,1.823,1255
Belgium,1987.0,128.138,2.307,1256
Belgium,1988.0,128.593,4.723,1257
Belgium,1989.0,125.342,3.469,1258
Belgium,1990.0,129.209,3.137,1259
Belgium,1991.0,130.686,1.833,1260
Belgium,1992.0,133.549,1.531,1261
Belgium,1993.0,137.755,-0.962,1262
Belgium,1994.0,135.928,3.227,1263
Belgium,1995.0,130.18,2.385,1264
Belgium,1996.0,127.151,1.425,1265
Belgium,1997.0,122.511,3.735,1266
Belgium,1998.0,117.23,1.928,1267
Belgium,1999.0,113.571,3.54,1268
Belgium,2000.0,107.779,3.669,1269
Belgium,2001.0,106.483,0.808,1270
Belgium,2002.0,103.387,1.359,1271
Belgium,2003.0,98.364,0.807,1272
Belgium,2004.0,94.024,3.274,1273
Belgium,2005.0,91.952,1.752,1274
Belgium,2006.0,87.951,2.666,1275
Belgium,2007.0,84.006,2.883,1276
Belgium,2008.0,89.198,0.985,1277
Belgium,2009.0,95.686,-2.787,1278
Belgium,2010.0,95.559,2.416,1279
Belgium,2011.0,97.754,1.84,1280
Belgium,2012.0,99.777,-0.281,1281
Belgium,2013.0,100.936,0.09,1282
Belgium,2014.0,101.238,1.044,1283
Belgium,2015.0,100.201,1.318,1284
Belgium,2016.0,98.113,1.44,1285
Belgium,2017.0,95.402,1.522,1286
Belgium,2018.0,92.121,1.58,1287
Austria,1980.0,,2.314,1288
Austria,1981.0,,-0.099,1289
Austria,1982.0,,1.908,1290
Austria,1983.0,,2.804,1291
Austria,1984.0,,0.332,1292
Austria,1985.0,,2.243,1293
Austria,1986.0,,2.341,1294
Austria,1987.0,,1.681,1295
Austria,1988.0,57.648,0.961,1296
Austria,1989.0,56.609,3.887,1297
Austria,1990.0,56.207,4.346,1298
Austria,1991.0,56.411,3.442,1299
Austria,1992.0,56.304,2.094,1300
Austria,1993.0,60.927,0.527,1301
Austria,1994.0,64.035,2.402,1302
Austria,1995.0,68.199,2.668,1303
Austria,1996.0,68.135,2.467,1304
Austria,1997.0,64.116,2.309,1305
Austria,1998.0,64.426,3.786,1306
Austria,1999.0,66.818,3.539,1307
Austria,2000.0,66.193,3.668,1308
Austria,2001.0,66.813,0.857,1309
Austria,2002.0,66.213,1.694,1310
Austria,2003.0,65.272,0.866,1311
Austria,2004.0,64.706,2.59,1312
Austria,2005.0,64.193,2.401,1313
Austria,2006.0,62.306,3.67,1314
Austria,2007.0,60.223,3.706,1315
Austria,2008.0,63.83,1.436,1316
Austria,2009.0,69.171,-3.822,1317
Austria,2010.0,72.269,1.769,1318
Austria,2011.0,72.811,2.834,1319
Austria,2012.0,74.081,0.871,1320
Austria,2013.0,74.42,0.386,1321
Austria,2014.0,74.789,1.638,1322
Austria,2015.0,74.236,1.843,1323
Austria,2016.0,73.64,1.723,1324
Austria,2017.0,72.571,1.495,1325
Austria,2018.0,71.787,1.416,1326
Australia,1980.0,,2.894,1327
Australia,1981.0,,4.127,1328
Australia,1982.0,,0.063,1329
Australia,1983.0,,-0.474,1330
Australia,1984.0,,6.346,1331
Australia,1985.0,,5.456,1332
Australia,1986.0,,2.448,1333
Australia,1987.0,,4.893,1334
Australia,1988.0,,4.253,1335
Australia,1989.0,17.069,4.456,1336
Australia,1990.0,16.427,1.674,1337
Australia,1991.0,21.607,-1.099,1338
Australia,1992.0,27.668,2.733,1339
Australia,1993.0,30.667,3.978,1340
Australia,1994.0,31.747,4.85,1341
Australia,1995.0,31.139,3.223,1342
Australia,1996.0,29.303,4.214,1343
Australia,1997.0,25.93,4.077,1344
Australia,1998.0,23.761,5.029,1345
Australia,1999.0,22.54,4.06,1346
Australia,2000.0,19.531,3.188,1347
Australia,2001.0,17.151,2.537,1348
Australia,2002.0,15.076,4.056,1349
Australia,2003.0,13.228,3.055,1350
Australia,2004.0,11.968,4.09,1351
Australia,2005.0,10.922,3.109,1352
Australia,2006.0,10.008,2.723,1353
Australia,2007.0,9.714,4.632,1354
Australia,2008.0,11.76,2.673,1355
Australia,2009.0,16.811,1.416,1356
Australia,2010.0,20.514,2.626,1357
Australia,2011.0,24.405,2.415,1358
Australia,2012.0,27.862,3.671,1359
Australia,2013.0,29.09,2.471,1360
Australia,2014.0,29.15,2.776,1361
Australia,2015.0,28.216,2.951,1362
Australia,2016.0,26.816,2.967,1363
Australia,2017.0,24.667,3.02,1364
Australia,2018.0,21.923,2.983,1365
